{"name":"6be1fb6a-c9a0-4e54-aeaf-3cda4927b116","id":"/providers/Microsoft.Flow/flows/6be1fb6a-c9a0-4e54-aeaf-3cda4927b116","type":"Microsoft.Flow/flows","properties":{"apiId":"/providers/Microsoft.PowerApps/apis/shared_logicflows","displayName":"Create flow using flow","definition":{"metadata":{"workflowEntityId":null,"processAdvisorMetadata":null,"flowChargedByPaygo":null,"flowclientsuspensionreason":"None","flowclientsuspensiontime":null,"flowclientsuspensionreasondetails":null,"creator":{"id":"bb345aa4-e695-4b88-bb2f-6f68d9aaadf5","type":"User","tenantId":"801d2213-4df9-466e-aeff-aef47206f9ce"},"provisioningMethod":"FromDefinition","failureAlertSubscription":true,"clientLastModifiedTime":"2024-09-20T12:21:54.7074171Z","connectionKeySavedTimeKey":"2024-09-20T12:21:54.7074171Z"},"$schema":"https://schema.management.azure.com/providers/Microsoft.Logic/schemas/2016-06-01/workflowdefinition.json#","contentVersion":"undefined","parameters":{"$authentication":{"defaultValue":{},"type":"SecureObject"},"$connections":{"defaultValue":{},"type":"Object"}},"staticResults":{"Create_Flow0":{"status":"Succeeded"}},"triggers":{"manual":{"metadata":{},"type":"Request","kind":"Http","inputs":{"schema":{"type":"object","properties":{"requestedconnectortype":{"type":"string"},"flowbody":{"type":"object"}}},"triggerAuthenticationType":"All"}}},"actions":{"Discover_all_Power_Automate_instances":{"runAfter":{"Initialize_variable_discovered_connector_ID":["Succeeded"]},"type":"OpenApiConnection","inputs":{"parameters":{"request/method":"GET","request/url":"/api/discovery/v2.0/Instances"},"host":{"apiId":"/providers/Microsoft.PowerApps/apis/shared_webcontents","connectionName":"shared_webcontents","operationId":"InvokeHttp"},"authentication":"@parameters('$authentication')"}},"Parse_Instances_JSON":{"runAfter":{"Discover_all_Power_Automate_instances":["Succeeded"]},"type":"ParseJson","inputs":{"content":"@body('Discover_all_Power_Automate_instances')","schema":{"type":"object","properties":{"@@odata.context":{"type":"string"},"value":{"type":"array","items":{"type":"object","properties":{"IsUserSysAdmin":{"type":"boolean"},"Region":{"type":"string"},"Purpose":{},"StatusMessage":{"type":"integer"},"TrialExpirationDate":{"type":"string"},"OrganizationType":{"type":"integer"},"TenantId":{"type":"string"},"EnvironmentId":{"type":"string"},"DatacenterId":{"type":"string"},"DatacenterName":{"type":"string"},"Id":{"type":"string"},"UniqueName":{"type":"string"},"UrlName":{"type":"string"},"FriendlyName":{"type":"string"},"State":{"type":"integer"},"Version":{"type":"string"},"Url":{"type":"string"},"ApiUrl":{"type":"string"},"LastUpdated":{"type":"string"},"SchemaType":{"type":"string"}},"required":["IsUserSysAdmin","Region","Purpose","StatusMessage","TrialExpirationDate","OrganizationType","TenantId","EnvironmentId","DatacenterId","DatacenterName","Id","UniqueName","UrlName","FriendlyName","State","Version","Url","ApiUrl","LastUpdated","SchemaType"]}}}}}},"Foreach_instance":{"foreach":"@body('Parse_Instances_JSON')?['value']","actions":{"Check_if_default_environment":{"actions":{"Set_variable":{"type":"SetVariable","inputs":{"name":"Default Environment discovered","value":"@items('Foreach_instance')['EnvironmentId']"}}},"else":{"actions":{}},"expression":{"and":[{"startsWith":["@items('Foreach_instance')['EnvironmentId']","Default"]}]},"type":"If"}},"runAfter":{"Parse_Instances_JSON":["Succeeded"]},"type":"Foreach"},"Initialize_variable_default_environment":{"runAfter":{},"type":"InitializeVariable","inputs":{"variables":[{"name":"Default Environment discovered","type":"string"}]}},"Create_Flow":{"runAfter":{"To_JSON,_replace_Connection_ID_and_convert_back_into_object":["Succeeded"]},"type":"OpenApiConnection","inputs":{"parameters":{"Flow/properties/displayName":"New flow","Flow/properties/definition":"@body('To_JSON,_replace_Connection_ID_and_convert_back_into_object')","Flow/properties/state":"Started","environmentName":"@variables('Default Environment discovered')","Flow/properties/connectionReferences":[{"connectionName":"@{variables('Discovered connector ID')}","id":"/providers/Microsoft.PowerApps/apis/@{triggerBody()?['requestedconnectortype']}","source":"Embedded"}]},"host":{"apiId":"/providers/Microsoft.PowerApps/apis/shared_flowmanagement","connectionName":"shared_flowmanagement","operationId":"CreateFlow"},"authentication":"@parameters('$authentication')"},"runtimeConfiguration":{"staticResult":{"staticResultOptions":"Disabled","name":"Create_Flow0"}}},"Foreach_connector":{"foreach":"@outputs('List_My_Connections')?['body/value']","actions":{"Check_if_right_connector":{"actions":{"Set_connector_ID":{"type":"SetVariable","inputs":{"name":"Discovered connector ID","value":"@items('Foreach_connector')['name']"}}},"else":{"actions":{}},"expression":{"and":[{"endsWith":["@items('Foreach_connector')['properties']['apiId']","@triggerBody()?['requestedconnectortype']"]}]},"type":"If"}},"runAfter":{"List_My_Connections":["Succeeded"]},"type":"Foreach"},"Response":{"runAfter":{"Create_Flow":["Succeeded"]},"type":"Response","kind":"Http","inputs":{"statusCode":204}},"List_My_Connections":{"runAfter":{"Foreach_instance":["Succeeded"]},"type":"OpenApiConnection","inputs":{"parameters":{"environmentName":"@variables('Default Environment discovered')"},"host":{"apiId":"/providers/Microsoft.PowerApps/apis/shared_flowmanagement","connectionName":"shared_flowmanagement","operationId":"ListConnections"},"authentication":"@parameters('$authentication')"}},"Initialize_variable_discovered_connector_ID":{"runAfter":{"Initialize_variable_default_environment":["Succeeded"]},"type":"InitializeVariable","inputs":{"variables":[{"name":"Discovered connector ID","type":"string"}]}},"Check_if_connector_was_never_found":{"actions":{"Terminate":{"runAfter":{"Connector_404":["Succeeded"]},"type":"Terminate","inputs":{"runStatus":"Failed","runError":{"message":"Needed connector did not exist"}}},"Connector_404":{"type":"Response","kind":"Http","inputs":{"statusCode":404,"body":"No connector @{triggerBody()?['requestedconnectortype']} exists."}}},"runAfter":{"Foreach_connector":["Succeeded"]},"else":{"actions":{}},"expression":{"and":[{"equals":["@variables('Discovered connector ID')",""]}]},"type":"If"},"To_JSON,_replace_Connection_ID_and_convert_back_into_object":{"runAfter":{"Check_if_connector_was_never_found":["Succeeded"]},"type":"ParseJson","inputs":{"content":"@replace(string(triggerBody()?['flowbody']),'{{REPLACEME_CONNECTIONID}}',variables('Discovered connector ID'))","schema":{}}}}},"connectionReferences":{"shared_webcontents":{"connectionName":"shared-webcontents-1d33e4c3-2bb0-4241-9f1e-120293e54855","source":"Embedded","id":"/providers/Microsoft.PowerApps/apis/shared_webcontents","tier":"NotSpecified"},"shared_flowmanagement":{"connectionName":"shared-flowmanagemen-e9213c35-a27e-49ba-a116-c9b1135683c2","source":"Embedded","id":"/providers/Microsoft.PowerApps/apis/shared_flowmanagement","tier":"NotSpecified"}},"flowFailureAlertSubscribed":false,"isManaged":false}}